{"x":250.44397,"y":190.24905,"score":875}