{"x":33.95818,"y":55.70671,"score":622}